Feature1,Feature2,Pearson_Corr,Pearson_p-value,Spearman_Corr,Spearman_p-value,Kendall_Corr,Kendall_p-value
Head,Neck,0.9913820712793624,0.0,0.9827925118380245,0.0,0.9121072549307796,0.0
Head,RShoulder_X,0.6531990731908982,0.0,0.6760830916694656,0.0,0.48093566072329536,0.0
Head,RShoulder_Y,0.9865704100490053,0.0,0.973689978318361,0.0,0.8920820449441101,0.0
Head,LShoulder_X,0.13357797275977315,1.9023155358864688e-14,0.2611472864599644,5.8942305677443785e-52,0.18044994899951092,1.9095036417161126e-51
Head,LShoulder_Y,0.9876135999456744,0.0,0.9751107419514171,0.0,0.8934898069594899,0.0
Head,RElbow_X,0.5382227067809005,3.187516887353103e-244,0.6395129616062163,0.0,0.4434616943039785,6.5354917978530995e-304
Head,RElbow_Y,0.9658064001678098,0.0,0.9231067377533612,0.0,0.7969932998917192,0.0
Head,LElbow_X,0.016053782467851746,0.35957238687328485,0.2219476632951189,1.1741652597746841e-37,0.1571660608456784,1.2049016437012783e-39
Head,LElbow_Y,0.9640683818289545,0.0,0.9152706713036777,0.0,0.7858257891354103,0.0
Head,RWrist_X,0.449815576056362,4.050637209231433e-162,0.6009559044654414,2.8889e-319,0.4193175605421303,3.09853188679562e-272
Head,RWrist_Y,0.9144861996837729,0.0,0.8111239065584664,0.0,0.6445132395645381,0.0
Head,LWrist_X,0.0506902072238729,0.003797198409169432,-0.17064528704696263,1.0193191792172467e-22,-0.12089066740330269,3.106227848327497e-24
Head,LWrist_Y,0.9176654980102052,0.0,0.7942734465900486,0.0,0.6269736663781315,0.0
Head,RHip_X,0.6385626766021952,0.0,0.7141761303463386,0.0,0.5113099838879129,0.0
Head,RHip_Y,0.9254098119548082,0.0,0.8886809982852276,0.0,0.7425128811054489,0.0
Head,LHip_X,0.3408251656347451,1.9055314455945134e-89,0.4468650619681557,8.95915355964414e-160,0.30847074547627357,9.630899632900172e-147
Head,LHip_Y,0.9305606762239185,0.0,0.893852830697938,0.0,0.7495679253168249,0.0
Head,RKnee_X,0.630475796904439,0.0,0.6940871515508067,0.0,0.4953636226834761,0.0
Head,RKnee_Y,0.8001926280725988,0.0,0.7712698160055971,0.0,0.6028677189882387,0.0
Head,LKnee_X,0.34491673868820893,1.0619730021340627e-91,0.4297684419118236,1.2340686494162867e-146,0.29950290476920033,1.8085319275109902e-138
Head,LKnee_Y,0.7949584631279102,0.0,0.7809168943304358,0.0,0.611370169329156,0.0
Head,RAnkle_X,0.6308673541365296,0.0,0.7087674152473444,0.0,0.5158764683676558,0.0
Head,RAnkle_Y,0.6847870275448338,0.0,0.6888761560004194,0.0,0.5232621558712773,0.0
Head,LAnkle_X,0.33945568151925865,1.0637940854978724e-88,0.4522099718749128,4.871250603502432e-164,0.31993104603911543,1.5835944069616286e-157
Head,LAnkle_Y,0.6675988746187642,0.0,0.6742631242054112,0.0,0.5097757275003476,0.0
Head,Chest,0.9698387793036889,0.0,0.9444691751100595,0.0,0.8308490600786779,0.0
Neck,RShoulder_X,0.6417826224464188,0.0,0.654958800617339,0.0,0.4659152374535626,0.0
Neck,RShoulder_Y,0.9913522984180237,0.0,0.982337454505074,0.0,0.917118368718198,0.0
Neck,LShoulder_X,0.15332173770499022,1.3499194451276526e-18,0.2763719966521544,3.214836470841639e-58,0.19105310854234128,2.4840116288451086e-57
Neck,LShoulder_Y,0.9921805197204503,0.0,0.9826902212345593,0.0,0.9155677236308837,0.0
Neck,RElbow_X,0.5240116555634752,2.4425171122939262e-229,0.6154625750523604,0.0,0.42614467523905797,3.315313124926156e-280
Neck,RElbow_Y,0.9762620121584954,0.0,0.9482096239360115,0.0,0.8394798834751831,0.0
Neck,LElbow_X,0.037671173220991935,0.03151591420642617,0.2392437589957305,1.1983307835646288e-43,0.16927339921247184,1.2931228978522835e-45
Neck,LElbow_Y,0.9744806113166613,0.0,0.9401219023710967,0.0,0.8258170822582707,0.0
Neck,RWrist_X,0.4354517876733782,6.413280852046923e-151,0.5775861589661223,2.1375637938304966e-289,0.4010548301714005,1.0895210726079906e-248
Neck,RWrist_Y,0.9235696089712824,0.0,0.8387315428288511,0.0,0.6770617612173603,0.0
Neck,LWrist_X,0.02986623702370622,0.08824674572428697,-0.18699714979530052,4.9692457524861294e-27,-0.13243911062791489,1.0659954144016191e-28
Neck,LWrist_Y,0.9275594919197425,0.0,0.8235262993781355,0.0,0.6609627701331414,0.0
Neck,RHip_X,0.6330990390016246,0.0,0.6982739049675101,0.0,0.501616898020418,0.0
Neck,RHip_Y,0.9413701596070757,0.0,0.9139457142714992,0.0,0.7769129093709647,0.0
Neck,LHip_X,0.3544736452458339,4.248737611671087e-97,0.4530172561795393,1.0886039011431157e-164,0.313547206510655,3.184151870196111e-151
Neck,LHip_Y,0.9462410348720552,0.0,0.9187154384038797,0.0,0.7852325787568699,0.0
Neck,RKnee_X,0.622934076620369,0.0,0.6752786478821211,0.0,0.4830663027778538,0.0
Neck,RKnee_Y,0.8195765314007137,0.0,0.7988786243151187,0.0,0.6298937980850667,0.0
Neck,LKnee_X,0.3577104260406751,5.717906512555985e-99,0.4320193435245883,2.5371882426256368e-148,0.30148156878006627,5.5702856575987605e-140
Neck,LKnee_Y,0.8144330211484945,0.0,0.8065573613389455,0.0,0.6374726361767832,0.0
Neck,RAnkle_X,0.6270422849707682,0.0,0.6939442479451579,0.0,0.5056570186815209,0.0
Neck,RAnkle_Y,0.7100882967447206,0.0,0.720059821038252,0.0,0.5531897417942211,0.0
Neck,LAnkle_X,0.35207414686640937,1.0028164556209997e-95,0.4520717775879654,6.293123032383706e-164,0.32055171450425957,8.54416692098075e-158
Neck,LAnkle_Y,0.6942067292254379,0.0,0.7056751361745554,0.0,0.5399846607248435,0.0
Neck,Chest,0.9800539866158071,0.0,0.9633932014405739,0.0,0.8692239233957703,0.0
RShoulder_X,RShoulder_Y,0.6565900252923135,0.0,0.6759173367703307,0.0,0.48604155932967114,0.0
RShoulder_X,LShoulder_X,0.0925591421214593,1.201134801834682e-07,-0.015679996952194082,0.3708695110146888,-0.17365431962314773,8.516312923182505e-48
RShoulder_X,LShoulder_Y,0.6648240050993379,0.0,0.6806858554178598,0.0,0.4883690343047955,0.0
RShoulder_X,RElbow_X,0.9396346780681075,0.0,0.9587988040058166,0.0,0.859178793369118,0.0
RShoulder_X,RElbow_Y,0.6236909236689785,0.0,0.6178151669122038,0.0,0.44417761376271436,2.838757360972628e-302
RShoulder_X,LElbow_X,0.30798122433337954,1.4901634254496032e-72,0.0521091055838763,0.0029235217666170555,-0.10162604545619967,1.571023764565821e-17
RShoulder_X,LElbow_Y,0.62234815392348,0.0,0.6109544520056561,0.0,0.4381471703668965,8.413958103545604e-294
RShoulder_X,RWrist_X,0.8547978698198535,0.0,0.9051689695981419,0.0,0.7587412223220018,0.0
RShoulder_X,RWrist_Y,0.5837396367573369,5.012625217798738e-297,0.565979131186509,1.938202797817336e-275,0.4050229593302043,1.9542510473062144e-251
RShoulder_X,LWrist_X,0.38396727206052333,5.670209767944082e-115,0.10039476769334564,9.267434976170069e-09,-0.03074541430930354,0.009778093035388988
RShoulder_X,LWrist_Y,0.585612945766087,2.2116052393129726e-299,0.5566870713823855,1.1676679016032022e-264,0.3921892136717466,7.1128389413879725e-236
RShoulder_X,RHip_X,0.8936002351835768,0.0,0.8982904256047746,0.0,0.7687113430932372,0.0
RShoulder_X,RHip_Y,0.613564935534586,0.0,0.6022619628313062,5.217e-321,0.4343881218794756,5.782755822269713e-290
RShoulder_X,LHip_X,0.2721382759309177,1.9489541861464896e-56,0.2923486791599491,3.095953071305208e-65,0.3135111229343189,1.4055183905352765e-151
RShoulder_X,LHip_Y,0.6235679677059287,0.0,0.6140682407042429,0.0,0.44243957471656015,1.4344079595396762e-300
RShoulder_X,RKnee_X,0.8922750283553755,0.0,0.8924411954891676,0.0,0.7652372464955929,0.0
RShoulder_X,RKnee_Y,0.5207900132563896,4.619744342098927e-226,0.4925309111920165,8.837354003073574e-199,0.35382859529764277,1.9238391540130175e-193
RShoulder_X,LKnee_X,0.2810641753815811,3.12039515870137e-60,0.3116785234173277,2.3749794230082798e-74,0.31708864892392424,4.9416476572382155e-155
RShoulder_X,LKnee_Y,0.5143854260885228,1.1882421484743681e-219,0.490328843401135,9.254616697350983e-197,0.3489083683845168,3.714367687975165e-188
RShoulder_X,RAnkle_X,0.8535682690618279,0.0,0.8584122323450348,0.0,0.7210553160076236,0.0
RShoulder_X,RAnkle_Y,0.4129044918477781,2.137560094004832e-134,0.3960621448989485,7.418072812726823e-123,0.2784512315623611,4.229503068890527e-120
RShoulder_X,LAnkle_X,0.319835484027887,2.0785298749288678e-78,0.34245524336300104,2.4329221981877207e-90,0.32257335144757554,3.539753898314466e-160
RShoulder_X,LAnkle_Y,0.40835508450555513,3.2592664762986697e-131,0.3908971907583007,1.8936601887275742e-119,0.2749561786346287,3.870129781564658e-117
RShoulder_X,Chest,0.6408804625928699,0.0,0.6424562628113958,0.0,0.462677067445362,0.0
RShoulder_Y,LShoulder_X,0.15844090964788152,9.110049590579627e-20,0.2583031704982713,7.863194006275585e-51,0.18189846426231668,5.041658105403041e-52
RShoulder_Y,LShoulder_Y,0.9939858979258498,0.0,0.9878384277960807,0.0,0.9407554245019123,0.0
RShoulder_Y,RElbow_X,0.5408836225453868,4.3302307238050273e-247,0.6404423647411563,0.0,0.45140238237170655,0.0
RShoulder_Y,RElbow_Y,0.9840237860696809,0.0,0.9623679891416975,0.0,0.8696325163816869,0.0
RShoulder_Y,LElbow_X,0.03405502455113368,0.051902758668573724,0.21572844920251666,1.2702942586457031e-35,0.15539346477259466,1.2431296043189867e-38
RShoulder_Y,LElbow_Y,0.9780689572113301,0.0,0.9486416319664405,0.0,0.8446041289760928,0.0
RShoulder_Y,RWrist_X,0.4505790439273651,9.931730427381505e-163,0.6016767768874306,3.16e-320,0.4240284484994795,4.017283239168289e-277
RShoulder_Y,RWrist_Y,0.9248789807440746,0.0,0.8448212420505279,0.0,0.6873886501135712,0.0
RShoulder_Y,LWrist_X,0.03657902699574772,0.03678805254801676,-0.16350197024299784,5.796124624256555e-21,-0.11816347200847133,3.946979299736153e-23
RShoulder_Y,LWrist_Y,0.9245092144510606,0.0,0.8223303001499499,0.0,0.6617253852614163,0.0
RShoulder_Y,RHip_X,0.6513508961423762,0.0,0.7164410884183932,0.0,0.5176487884073226,0.0
RShoulder_Y,RHip_Y,0.9558339713742726,0.0,0.9358930199999209,0.0,0.8080572088073458,0.0
RShoulder_Y,LHip_X,0.3607800910007749,9.17365686694822e-101,0.44277618323495527,1.4574757016016422e-156,0.30861142336094444,3.0837460436928497e-146
RShoulder_Y,LHip_Y,0.9585916232787769,0.0,0.9377740362350524,0.0,0.8123343632057775,0.0
RShoulder_Y,RKnee_X,0.6432269335629918,0.0,0.6959290594519261,0.0,0.5011665637017111,0.0
RShoulder_Y,RKnee_Y,0.8393815298690335,0.0,0.8270192223128757,0.0,0.6624434960127094,0.0
RShoulder_Y,LKnee_X,0.36528224818033134,1.9694155577068845e-103,0.42390071585590927,2.6868506016329593e-142,0.29801625580022545,1.5968420037019378e-136
RShoulder_Y,LKnee_Y,0.8322434886886264,0.0,0.8305245953820115,0.0,0.6664552611691594,0.0
RShoulder_Y,RAnkle_X,0.6463322265714808,0.0,0.7115079435808161,0.0,0.5222901056192087,0.0
RShoulder_Y,RAnkle_Y,0.7194146436499909,0.0,0.7355331594190223,0.0,0.5724355369658025,0.0
RShoulder_Y,LAnkle_X,0.358643910556612,1.6351805650753502e-99,0.4429906156633444,9.914729468251918e-157,0.3160680310850738,3.9796824087053863e-153
RShoulder_Y,LAnkle_Y,0.7020964995112718,0.0,0.719537757617867,0.0,0.5575380915502407,0.0
RShoulder_Y,Chest,0.9875516201373917,0.0,0.9765298653429034,0.0,0.8987621512747183,0.0
LShoulder_X,LShoulder_Y,0.15305838033679603,1.5469402659244645e-18,0.2600172028613911,1.656455189018818e-51,0.1822334402938851,3.1568698124090172e-52
LShoulder_X,RElbow_X,0.28123201815856413,2.639217317785315e-60,0.016399737182981818,0.3493111508035269,-0.13882173465899283,2.8483208992088427e-31
LShoulder_X,RElbow_Y,0.16275039595707042,8.77516292095396e-21,0.26342352405939096,7.241253681791355e-53,0.1851356846480485,8.605982748772884e-54
LShoulder_X,LElbow_X,0.9110121745478564,0.0,0.910869956320884,0.0,0.7845001442390999,0.0
LShoulder_X,LElbow_Y,0.17211769103233504,4.334248501636055e-23,0.27763710678758063,9.295993340624596e-59,0.19490306033510468,2.3985088189652367e-59
LShoulder_X,RWrist_X,0.403571033272346,6.419461895523205e-128,0.046755901232427954,0.007593698571547219,-0.08771036219790909,1.9387119895787655e-13
LShoulder_X,RWrist_Y,0.1772428344076493,2.080679052463821e-24,0.30613132154411876,1.1559603997554658e-71,0.21342328870443747,8.204090692121115e-71
LShoulder_X,LWrist_X,0.8359918712759279,0.0,0.8249928365296488,0.0,0.6718251823059354,0.0
LShoulder_X,LWrist_Y,0.17832640984452366,1.0819824549260189e-24,0.3118266824536719,2.0094962611683286e-74,0.21443796156366282,1.8217240782902285e-71
LShoulder_X,RHip_X,0.2685891211841271,5.7517213319649095e-55,0.31202983385887695,1.5977538504743537e-74,0.3149657570558693,4.7676843102508766e-152
LShoulder_X,RHip_Y,0.13080068984209645,6.556144025252978e-14,0.18272073088744226,7.31043279437167e-26,0.13179740551175523,3.514120622989108e-28
LShoulder_X,LHip_X,0.8703858277601899,0.0,0.8818280744961657,0.0,0.7420442028112255,0.0
LShoulder_X,LHip_Y,0.1309974456082589,6.011066902560473e-14,0.18773147758063322,3.111143906664672e-27,0.13502519873464688,1.7621615591508576e-29
LShoulder_X,RKnee_X,0.23879604569477042,1.7374894011165097e-43,0.28777666413411895,3.513955697308765e-63,0.2919535646877563,6.910644172580551e-131
LShoulder_X,RKnee_Y,0.04481638644213424,0.010504430086204124,0.05436833689691796,0.0019036492701885285,0.04425303078535377,0.00021622591568360125
LShoulder_X,LKnee_X,0.8329515381310201,0.0,0.8420524165605419,0.0,0.7047078911392458,0.0
LShoulder_X,LKnee_Y,0.06886165323179287,8.343511575973672e-05,0.07989206520974929,4.961689427362978e-06,0.05978558229087044,5.802565448825673e-07
LShoulder_X,RAnkle_X,0.3095212291275135,2.6770020589696394e-73,0.34767271878438016,3.0814391303417985e-93,0.319942500655429,9.349462427527446e-157
LShoulder_X,RAnkle_Y,0.012034087635538745,0.49223453171882026,0.018843794649726107,0.28218190257161613,0.017173730804370527,0.15192978972403387
LShoulder_X,LAnkle_X,0.7975266077165648,0.0,0.8077760460544515,0.0,0.6627967675221481,0.0
LShoulder_X,LAnkle_Y,0.0038561648426750153,0.8258277253698811,0.010692990675489115,0.5417154225222532,0.012311055003008275,0.30441774700701185
LShoulder_X,Chest,0.1470447399085865,3.2525808862023516e-17,0.2290042149186065,4.843219141734847e-40,0.16182611899260446,1.782741791191824e-41
LShoulder_Y,RElbow_X,0.549801131495897,6.89401517733396e-257,0.6448457798224622,0.0,0.45229711684311213,0.0
LShoulder_Y,RElbow_Y,0.9803981861875773,0.0,0.9544205390986364,0.0,0.8543119751349637,0.0
LShoulder_Y,LElbow_X,0.023036217133761583,0.18859275745129853,0.206221009775888,1.2379447048676996e-32,0.14914920979781687,9.758349795025888e-36
LShoulder_Y,LElbow_Y,0.9818825929427317,0.0,0.9548545273025829,0.0,0.8572934487640006,0.0
LShoulder_Y,RWrist_X,0.45973473827180034,3.574229788882715e-170,0.6058907842402237,0.0,0.4268369454608231,7.067720196759067e-281
LShoulder_Y,RWrist_Y,0.922578937577142,0.0,0.8385409026304318,0.0,0.6801742507181786,0.0
LShoulder_Y,LWrist_X,0.046624987727095314,0.0077646098989556595,-0.15164633798426577,3.1983621451729795e-18,-0.1107216416987691,1.6452080749768756e-20
LShoulder_Y,LWrist_Y,0.9290634155953452,0.0,0.8285355939675011,0.0,0.669705319139733,0.0
LShoulder_Y,RHip_X,0.6502563575158924,0.0,0.7118908376143311,0.0,0.512896853593078,0.0
LShoulder_Y,RHip_Y,0.953377179411008,0.0,0.9323613520909387,0.0,0.8025505833072585,0.0
LShoulder_Y,LHip_X,0.35368002245004565,1.2125015872691363e-96,0.4384088531602559,3.510303315728861e-153,0.3024082290871985,1.5094466713854127e-140
LShoulder_Y,LHip_Y,0.9577394251395521,0.0,0.9370921140897994,0.0,0.8121114404329787,0.0
LShoulder_Y,RKnee_X,0.6405159032958693,0.0,0.6895860603006752,0.0,0.4948333724962146,0.0
LShoulder_Y,RKnee_Y,0.8303699404054468,0.0,0.8168397055945107,0.0,0.6539139050869806,0.0
LShoulder_Y,LKnee_X,0.3631900951316784,3.464171866713129e-102,0.426203426766773,5.459308655831541e-144,0.2974445192723453,4.684860277253532e-136
LShoulder_Y,LKnee_Y,0.8252388180406458,0.0,0.821318230370188,0.0,0.6592529677235143,0.0
LShoulder_Y,RAnkle_X,0.6447998318441348,0.0,0.7072864762920946,0.0,0.5178135423043785,0.0
LShoulder_Y,RAnkle_Y,0.7119845125167821,0.0,0.7250989166888001,0.0,0.5637974443888779,0.0
LShoulder_Y,LAnkle_X,0.3524230970739536,6.343050257083352e-96,0.439887761465446,2.5452585778241508e-154,0.3108048196480102,3.4489022974902926e-148
LShoulder_Y,LAnkle_Y,0.693401103799266,0.0,0.7068669858076142,0.0,0.5461290471909195,0.0
LShoulder_Y,Chest,0.9869987092116171,0.0,0.9756476937353827,0.0,0.8964114171282566,0.0
RElbow_X,RElbow_Y,0.5154675723047912,1.0032351481915872e-220,0.5887530698961845,2.3007117287087455e-303,0.41522868207559765,2.289577745327872e-265
RElbow_X,LElbow_X,0.5149649816753048,3.165637536652085e-220,0.13060072384173188,7.159823358678495e-14,-0.025294661998539185,0.033598589406861404
RElbow_X,LElbow_Y,0.512669383529875,5.879075841248819e-218,0.5804988964642532,5.478354395426272e-293,0.408260957381835,2.8146459837661756e-256
RElbow_X,RWrist_X,0.9364510744203889,0.0,0.9433809075965842,0.0,0.8394673229093815,0.0
RElbow_X,RWrist_Y,0.4807000225501912,4.241638841185689e-188,0.5435948360907192,4.8840719030833565e-250,0.38712448521757803,1.057787719128654e-230
RElbow_X,LWrist_X,0.5785453873040054,1.4165651576754773e-290,0.18546837181877499,1.3091335039610882e-26,0.04363519637087215,0.00023946351454650388
RElbow_X,LWrist_Y,0.4764537257528994,2.2901874445630837e-184,0.5274648009973933,6.8566747589177085e-233,0.36831177947639077,5.162581992560809e-209
RElbow_X,RHip_X,0.7885566004005727,0.0,0.8680541274113851,0.0,0.7292308827086824,0.0
RElbow_X,RHip_Y,0.5099312171780291,2.837511048887112e-215,0.5651487209391657,1.8398308300608916e-274,0.39859347818975843,2.3702324675608543e-245
RElbow_X,LHip_X,0.07440603025367878,2.1193545900031876e-05,0.25302870942366024,8.817448237627289e-49,0.2847437927715176,7.880522105479665e-126
RElbow_X,LHip_Y,0.5199840177234775,3.012305134738605e-225,0.5767079914338205,2.5443049632356954e-288,0.40606058330052486,2.0593288075987314e-254
RElbow_X,RKnee_X,0.7853405930860433,0.0,0.855332479855851,0.0,0.7135951792371966,0.0
RElbow_X,RKnee_Y,0.45900200347453235,1.4365691897492918e-169,0.4674229262050826,1.3318833792324397e-176,0.3319120497296393,4.528967535632032e-171
RElbow_X,LKnee_X,0.08508420622796618,1.1491108303361044e-06,0.2674903206460148,1.6233488885175406e-54,0.28802918514740294,1.0105140025895088e-128
RElbow_X,LKnee_Y,0.45081472304892767,6.430604103046763e-163,0.4668408737367124,4.139510300290363e-176,0.3284442891318658,1.4786080364331976e-167
RElbow_X,RAnkle_X,0.7349437710345796,0.0,0.8209308704528668,0.0,0.676269485908979,0.0
RElbow_X,RAnkle_Y,0.3831799756425375,1.800257176818861e-114,0.3819649613113087,1.0640047731600198e-113,0.2670203272567555,5.470207991243141e-111
RElbow_X,LAnkle_X,0.1392105023559911,1.4275999032139418e-15,0.3058410488019747,1.5920808773831533e-71,0.29685750619926293,1.913165991832526e-136
RElbow_X,LAnkle_Y,0.3820638446926774,9.21020113157022e-114,0.3765677096927761,2.600583135466674e-110,0.26408169898247225,1.3747175861683618e-108
RElbow_X,Chest,0.5298759864761327,2.145855887725105e-235,0.6066267503619861,0.0,0.4272155995477005,1.7082041850460161e-280
RElbow_Y,LElbow_X,0.03808089688421916,0.029712383819176826,0.21377707818306513,5.360706049903193e-35,0.1544389566073029,3.72996945379986e-38
RElbow_Y,LElbow_Y,0.9823689578945163,0.0,0.9690233152141422,0.0,0.8850071420829985,0.0
RElbow_Y,RWrist_X,0.4292216980280268,3.1563043317973505e-146,0.5600474191071719,1.6156490892518133e-268,0.39166795662608717,1.3669485138354873e-236
RElbow_Y,RWrist_Y,0.950481210291246,0.0,0.9131158940175139,0.0,0.7772247717343592,0.0
RElbow_Y,LWrist_X,0.030037465223947846,0.0864374186639642,-0.15922819472239874,5.969796626612226e-20,-0.11572583729443543,3.0858023542103454e-22
RElbow_Y,LWrist_Y,0.9448772862471344,0.0,0.8855775358651934,0.0,0.7359495098118215,0.0
RElbow_Y,RHip_X,0.6242481260294561,0.0,0.6701102860594267,0.0,0.4885466188454055,0.0
RElbow_Y,RHip_Y,0.9543106352082688,0.0,0.9400235279766399,0.0,0.8111374306507616,0.0
RElbow_Y,LHip_X,0.35384336806272143,9.77356384572828e-97,0.432752321459373,7.116042573134631e-149,0.3006210720141161,9.019639193646306e-139
RElbow_Y,LHip_Y,0.9559401610320462,0.0,0.939891948938043,0.0,0.8129781188736602,0.0
RElbow_Y,RKnee_X,0.6148626742325656,0.0,0.6487561831292449,0.0,0.4706160281683729,0.0
RElbow_Y,RKnee_Y,0.8477426646964464,0.0,0.8437690093110378,0.0,0.6773463257166309,0.0
RElbow_Y,LKnee_X,0.3635199744519335,2.2073492549455785e-102,0.4178694188632011,6.297739005895554e-138,0.2927344011858698,1.0448200603598764e-131
RElbow_Y,LKnee_Y,0.8404052832435018,0.0,0.8449089209403436,0.0,0.6784334341824866,0.0
RElbow_Y,RAnkle_X,0.6213789966619292,0.0,0.6705348966117528,0.0,0.49251750420953044,0.0
RElbow_Y,RAnkle_Y,0.7384123376591754,0.0,0.7619494211813732,0.0,0.5938509831084894,0.0
RElbow_Y,LAnkle_X,0.35415442737995295,6.480390660881517e-97,0.4311165196792462,1.2092926340091579e-147,0.3072763867009764,9.719600091190083e-145
RElbow_Y,LAnkle_Y,0.7211161626671703,0.0,0.7466274258379867,0.0,0.5787080753263527,0.0
RElbow_Y,Chest,0.9791291461522562,0.0,0.9644577582275701,0.0,0.8691674939220051,0.0
LElbow_X,LElbow_Y,0.03814419822582102,0.02944180834171246,0.2110633372520522,3.878123566111051e-34,0.15361117040519173,1.018438033488368e-37
LElbow_X,RWrist_X,0.6105883992316703,0.0,0.1622148743733885,1.1778015188224982e-20,0.02539700694103085,0.03279483470808695
LElbow_X,RWrist_Y,0.04512511453979959,0.00998319097125196,0.22824682445356798,8.810441861476611e-40,0.1610770908700601,2.5970952109798373e-41
LElbow_X,LWrist_X,0.9251722295180973,0.0,0.9138539294327475,0.0,0.7974594895845003,0.0
LElbow_X,LWrist_Y,0.042332636054777405,0.01565645332509251,0.22150197946930084,1.6504339964336658e-37,0.15613913589177436,6.394367364370739e-39
LElbow_X,RHip_X,0.04681356714775675,0.00751948944990387,0.24417413351547013,1.9033745269368606e-45,0.2515389413394343,3.462665731760939e-98
LElbow_X,RHip_Y,0.017273936382538088,0.3242196259339145,0.15646410699950786,2.607980629128281e-19,0.11556163266876618,3.795296118441604e-22
LElbow_X,LHip_X,0.7468893367039513,0.0,0.8217743409451769,0.0,0.66536316578613,0.0
LElbow_X,LHip_Y,0.010968921912727518,0.5313355330965895,0.1535758688770265,1.18335815297952e-18,0.11437791848118732,1.0208145684713973e-21
LElbow_X,RKnee_X,0.018511571265335848,0.2907547950505332,0.22014323009954906,4.638777747902377e-37,0.2322145322121382,6.131958678207149e-84
LElbow_X,RKnee_Y,0.047825650292617504,0.0063186687078283016,-0.05504660541201074,0.0016684944888570234,-0.04666811744832872,9.182970666375234e-05
LElbow_X,LKnee_X,0.7005512665906549,0.0,0.7718547398825472,0.0,0.6125326269796936,0.0
LElbow_X,LKnee_Y,0.02444040907473388,0.16304036644403525,-0.0774134526856439,9.67567427123988e-06,-0.060479363231154236,4.0048610013555867e-07
LElbow_X,RAnkle_X,0.0944072220918859,6.68336380114318e-08,0.28021892854550945,7.239830776691773e-60,0.2616021966777342,5.39396252802711e-106
LElbow_X,RAnkle_Y,0.05891264554219113,0.0007659443735660758,-0.031866949029098916,0.06891549626120376,-0.02787889363780067,0.019708506655873623
LElbow_X,LAnkle_X,0.6696048610916447,0.0,0.7581509972178667,0.0,0.6048836252618701,0.0
LElbow_X,LAnkle_Y,0.06302016719692567,0.00031837419906771046,-0.028907643439951124,0.09894678057073075,-0.026470246247433903,0.026836465572840935
LElbow_X,Chest,0.024855306250630704,0.15601394964373766,0.18787327473026624,2.8415331936097714e-27,0.13623228001573043,4.905355369290923e-30
LElbow_Y,RWrist_X,0.42448748761999205,9.9842482482553e-143,0.5477202260162899,1.416991667986213e-254,0.38438037135435077,1.1821639383872506e-227
LElbow_Y,RWrist_Y,0.9458929525184704,0.0,0.8999795586469467,0.0,0.7581180570095045,0.0
LElbow_Y,LWrist_X,0.031475375427363894,0.07239738416235396,-0.15239710334754153,2.1755890435359955e-18,-0.112511863738911,4.4176580717722094e-21
LElbow_Y,LWrist_Y,0.9596159133936439,0.0,0.9076020998367054,0.0,0.7713528536232257,0.0
LElbow_Y,RHip_X,0.6122526229329041,0.0,0.6507351561106536,0.0,0.47151595635583987,0.0
LElbow_Y,RHip_Y,0.9480372487007153,0.0,0.9327104292463698,0.0,0.7987878815164079,0.0
LElbow_Y,LHip_X,0.34840059503506826,1.202629757039723e-93,0.4280373968958795,2.3989617549682548e-145,0.2951802834490602,1.0761959929521958e-133
LElbow_Y,LHip_Y,0.9539117014721938,0.0,0.9380319314840014,0.0,0.8109538284196376,0.0
LElbow_Y,RKnee_X,0.6040437954486544,2e-323,0.6312822490105839,0.0,0.45615183167371365,0.0
LElbow_Y,RKnee_Y,0.8346712793610662,0.0,0.8296809396875604,0.0,0.6640175508307046,0.0
LElbow_Y,LKnee_X,0.3598680730162754,3.1464983569135103e-100,0.42085194718411517,4.460468064102024e-140,0.29364998134626463,2.374578049733461e-132
LElbow_Y,LKnee_Y,0.8297004313053848,0.0,0.8327605583958653,0.0,0.6670376138405472,0.0
LElbow_Y,RAnkle_X,0.613019985664802,0.0,0.6559631659959202,0.0,0.4786691222900708,0.0
LElbow_Y,RAnkle_Y,0.7301115937384803,0.0,0.7515569750132871,0.0,0.5835644266943038,0.0
LElbow_Y,LAnkle_X,0.3441163287924569,2.9491876818653887e-91,0.42387640827954715,2.7992087728216703e-142,0.30041460074543164,2.9361408905203575e-138
LElbow_Y,LAnkle_Y,0.7124369022885475,0.0,0.7332005089836839,0.0,0.5659050607855552,0.0
LElbow_Y,Chest,0.9762277439942517,0.0,0.9593086333071785,0.0,0.8586185664978383,0.0
RWrist_X,RWrist_Y,0.38415391519677256,4.309738378521415e-115,0.518583879393444,7.730779871915833e-224,0.3652603384989483,7.953752721596261e-206
RWrist_X,LWrist_X,0.686320624816134,0.0,0.25716221588616694,2.2031751931374434e-50,0.12100491539881178,2.1579527658932175e-24
RWrist_X,LWrist_Y,0.38587157526906757,3.4220559604095876e-116,0.4947877051239673,7.255652376527626e-201,0.342234161765847,6.147445974457997e-181
RWrist_X,RHip_X,0.6641513458491581,0.0,0.8113762747519283,0.0,0.638741085589704,0.0
RWrist_X,RHip_Y,0.4330137587290027,4.518365808535446e-149,0.5317790611062115,2.1903007932182338e-237,0.3736754687511515,4.060995714664103e-216
RWrist_X,LHip_X,0.06576739342527907,0.00017187066246347721,-0.21467696123427868,2.764516499357139e-35,-0.22798483544424272,1.9147311455373667e-81
RWrist_X,LHip_Y,0.44200236370581747,5.83994845472635e-156,0.5419637338963958,2.92016714588623e-248,0.38045353196341986,7.847950097889627e-224
RWrist_X,RKnee_X,0.6597837019250756,0.0,0.7940895026654108,0.0,0.6224142091730486,0.0
RWrist_X,RKnee_Y,0.4137944062647702,5.028639203809356e-135,0.4529652876026554,1.1989907764851876e-164,0.31730729214181846,1.0957105760654115e-156
RWrist_X,LKnee_X,0.046782259347095664,0.00755969779171851,-0.23209400936908528,4.1228337413056174e-41,-0.23672708609961074,1.128961165214109e-87
RWrist_X,LKnee_Y,0.4027965938161163,2.1663398677726987e-127,0.4515983245435279,1.5119448454417763e-163,0.3148130159904181,2.897551815991101e-154
RWrist_X,RAnkle_X,0.6041398060109279,2e-323,0.7610897516353793,0.0,0.5918003481045231,0.0
RWrist_X,RAnkle_Y,0.3597288058096562,3.796754747687774e-100,0.37948774940453994,3.890348634885291e-112,0.26304081114897215,7.101832901759181e-108
RWrist_X,LAnkle_X,0.0071569935289952785,0.6829620881027934,0.27120415779359525,4.773626125353892e-56,0.25284127946319457,1.2602965833840248e-99
RWrist_X,LAnkle_Y,0.3583476546573794,2.4339198411739824e-99,0.3701602843809015,2.262458621228937e-106,0.2574295643726853,2.164668553137816e-103
RWrist_X,Chest,0.4458322000084227,5.856196704128244e-159,0.5721807017330582,7.933473582499602e-283,0.4018916287924685,9.814104287317387e-249
RWrist_Y,LWrist_X,0.013036503843436908,0.45689492379027424,-0.1769457965914081,2.4873498254343038e-24,-0.12453994494658581,1.7933001479935586e-25
RWrist_Y,LWrist_Y,0.973548485914705,0.0,0.9524476099558133,0.0,0.8573016077900177,0.0
RWrist_Y,RHip_X,0.5882829506027865,9.139721497492786e-303,0.6258490466691972,0.0,0.45522632480485103,0.0
RWrist_Y,RHip_Y,0.8652864873656296,0.0,0.8108131416202096,0.0,0.6380550682134446,0.0
RWrist_Y,LHip_X,0.3432435130566393,8.952311264789097e-91,0.4434791870991304,4.11719741733634e-157,0.3081714170586887,1.407585217849932e-145
RWrist_Y,LHip_Y,0.8719547905838603,0.0,0.813905999024849,0.0,0.6423263257167008,0.0
RWrist_Y,RKnee_X,0.5780377050729097,5.964239661246141e-290,0.6070562366738379,0.0,0.43983859512086826,2.5923074276415578e-294
RWrist_Y,RKnee_Y,0.7480396140192505,0.0,0.7045269448632886,0.0,0.5296430551766433,0.0
RWrist_Y,LKnee_X,0.3632791378282535,3.067539681614008e-102,0.4472867498120513,4.1550109815693645e-160,0.3137045256762514,8.440478071054587e-151
RWrist_Y,LKnee_Y,0.7402058407926257,0.0,0.7073992881728958,0.0,0.5303809342636109,0.0
RWrist_Y,RAnkle_X,0.5852643592129994,6.083579844721924e-299,0.6295267150308305,0.0,0.4586436600737048,0.0
RWrist_Y,RAnkle_Y,0.658580504480877,0.0,0.6449956516886957,0.0,0.4758747269485201,0.0
RWrist_Y,LAnkle_X,0.3437987898154714,4.418984002287203e-91,0.4391362712304578,9.67208860136082e-154,0.311575838653673,1.3125168978378475e-148
RWrist_Y,LAnkle_Y,0.6460635574001552,0.0,0.6315958035745283,0.0,0.4638586997950199,0.0
RWrist_Y,Chest,0.9072251197264061,0.0,0.8431467774961511,0.0,0.6830557831868626,0.0
LWrist_X,LWrist_Y,0.009563546010349908,0.5852285686936032,-0.183508140408493,4.4779747088408705e-26,-0.12964157050728858,1.830586703525306e-27
LWrist_X,RHip_X,0.05735955565369499,0.0010530220336604985,-0.17500589918424286,7.920264179521826e-24,-0.1710362261596255,1.4224034928354632e-46
LWrist_X,RHip_Y,0.049318899894271406,0.004860541577950485,-0.11564869595919924,3.548308035479751e-11,-0.08793977648746312,1.593305620758208e-13
LWrist_X,LHip_X,0.6431898056363685,0.0,0.7247309258955694,0.0,0.5579154555116639,0.0
LWrist_X,LHip_Y,0.05733323051101219,0.001058650896056949,-0.11146727396869348,1.76099596608949e-10,-0.08564726911590131,6.73001717584405e-13
LWrist_X,RKnee_X,0.07585216450896239,1.4588833356231504e-05,-0.16026218491682384,3.4155021568901836e-20,-0.1636278728738461,9.19025986265259e-43
LWrist_X,RKnee_Y,0.1146655823271036,5.198347089460558e-11,-0.014393293771867426,0.41141466160012785,-0.01823017052763436,0.12574896791803672
LWrist_X,LKnee_X,0.608114777068042,0.0,0.6918030489853306,0.0,0.528993047311746,0.0
LWrist_X,LKnee_Y,0.0915066464928859,1.6689173768084917e-07,-0.036596032454643254,0.03670053500431669,-0.03201752383303794,0.007166092615032089
LWrist_X,RAnkle_X,0.0012075232350158144,0.9450626544096706,0.21975182050633502,6.23922798477208e-37,0.19366207575876232,3.5311678653870753e-59
LWrist_X,RAnkle_Y,0.12049417815539618,5.154766153552381e-12,0.003041086073793374,0.862225209486255,-0.0026033917726926256,0.8272632344066124
LWrist_X,LAnkle_X,0.5715227575487677,4.906436811055983e-282,0.6759117883997865,0.0,0.5135253074169837,0.0
LWrist_X,LAnkle_Y,0.12356320202103574,1.4586310499729127e-12,0.003790185488970492,0.8287612657655143,-0.0024305494210604146,0.8385781580994892
LWrist_X,Chest,0.044286801582746574,0.011455103009505306,-0.13866024785377712,1.8473203630952063e-15,-0.1023145839669835,1.0407746530544224e-17
LWrist_Y,RHip_X,0.57692774343265,1.3699534462538951e-288,0.6052488433859922,0.0,0.4350523321344043,4.6551352261335064e-288
LWrist_Y,RHip_Y,0.8666216979102135,0.0,0.7976781155775221,0.0,0.622320201322525,0.0
LWrist_Y,LHip_X,0.3322113138418947,8.223219495445375e-85,0.43043720858185636,3.9034978112771906e-147,0.2946523950568189,2.9880252308074204e-133
LWrist_Y,LHip_Y,0.876802919825421,0.0,0.8071044559062005,0.0,0.6346798748413832,0.0
LWrist_Y,RKnee_X,0.5702230867857523,1.772591658968903e-280,0.5899978863332935,5.899723863400027e-305,0.42299047682231167,2.4032885264950654e-272
LWrist_Y,RKnee_Y,0.7427508467586212,0.0,0.687599984546667,0.0,0.5138779339773516,0.0
LWrist_Y,LKnee_X,0.352953311664354,3.1590785573851103e-96,0.43821738889093265,4.925714018763969e-153,0.3025073943991774,2.31769256391964e-140
LWrist_Y,LKnee_Y,0.7376350852868241,0.0,0.6940211233991977,0.0,0.5166703419062404,0.0
LWrist_Y,RAnkle_X,0.5763747028565069,6.500594076932574e-288,0.6127467199964824,0.0,0.44096065495977627,9.644687577575807e-296
LWrist_Y,RAnkle_Y,0.653539640408035,0.0,0.6301347760164256,0.0,0.4626930407746193,0.0
LWrist_Y,LAnkle_X,0.3295456274408669,2.0869809748247365e-83,0.42483381634074047,5.5610803451320425e-143,0.29659744483172945,7.601518731440284e-135
LWrist_Y,LAnkle_Y,0.6439093306143602,0.0,0.6181627080799649,0.0,0.4518066038799296,0.0
LWrist_Y,Chest,0.9114000354966005,0.0,0.8300355131716579,0.0,0.6673108029530487,0.0
RHip_X,RHip_Y,0.5962330013613167,4.96799349024e-313,0.6185626642635857,0.0,0.4441794624360513,2.6161010792884267e-301
RHip_X,LHip_X,0.5798543729194512,3.4391009671658396e-292,0.5651606236526778,1.781509914436204e-274,0.4866441118414196,0.0
RHip_X,LHip_Y,0.6029257419024799,6.7e-322,0.6275719243216911,0.0,0.4510857578041543,1.62447375749657e-310
RHip_X,RKnee_X,0.9588970025082054,0.0,0.9581828134005617,0.0,0.8711780172457112,0.0
RHip_X,RKnee_Y,0.491037907724982,2.077409931471991e-197,0.48118277053441116,1.584419411813858e-188,0.34333845263943324,3.3610951541243766e-181
RHip_X,LKnee_X,0.5419944697846245,2.7040829969450004e-248,0.5364215402496649,2.688671289985656e-242,0.44903567275328754,5.547061277891518e-307
RHip_X,LKnee_Y,0.4904399640405311,7.324491415064773e-197,0.48343632410531256,1.564420789387733e-190,0.34284128880334985,1.110379049156788e-180
RHip_X,RAnkle_X,0.9490490875862215,0.0,0.9495458644851696,0.0,0.8505571846786012,0.0
RHip_X,RAnkle_Y,0.3903172320076408,4.529719495474363e-119,0.38413887508522354,4.406106694896538e-115,0.2720662228544786,4.437909205810086e-114
RHip_X,LAnkle_X,0.59047331443499,1.449916810114825e-305,0.5858605179606986,1.0771518343195153e-299,0.47215406129396364,0.0
RHip_X,LAnkle_Y,0.3854440949117579,6.437328536888026e-116,0.37983122152983884,2.3663455930480868e-112,0.26985207723746935,3.0105374969998024e-112
RHip_X,Chest,0.6266473129954766,0.0,0.6693879854738175,0.0,0.48216302048944454,0.0
RHip_Y,LHip_X,0.3171265517090309,4.7811463790451276e-77,0.3459732835172175,2.7452180469248804e-92,0.23897470927769854,1.2048508870472348e-88
RHip_Y,LHip_Y,0.993173915927163,0.0,0.9897135090293477,0.0,0.9433613069648338,0.0
RHip_Y,RKnee_X,0.5951383261167409,1.338616623147e-311,0.60765611643077,0.0,0.43617964814953136,1.5157705902389983e-290
RHip_Y,RKnee_Y,0.9023756264722578,0.0,0.8964734176093122,0.0,0.7456476391771051,0.0
RHip_Y,LKnee_X,0.33535245296649085,1.7457944867797597e-86,0.3508329100943341,5.0905401845795075e-95,0.2453296399287412,2.4776986108885955e-93
RHip_Y,LKnee_Y,0.8955238667684362,0.0,0.8918024728893387,0.0,0.7389228625554437,0.0
RHip_Y,RAnkle_X,0.6064098856794229,0.0,0.6311283610715144,0.0,0.4544881522993424,0.0
RHip_Y,RAnkle_Y,0.7862830037736086,0.0,0.7916782153395984,0.0,0.6198572318274874,0.0
RHip_Y,LAnkle_X,0.3329480993088513,3.3448044761664293e-85,0.3592221749138283,7.513825212035809e-100,0.25134505973368215,9.417299513785512e-98
RHip_Y,LAnkle_Y,0.7682804031276349,0.0,0.7753519380091393,0.0,0.6041822960565322,0.0
RHip_Y,Chest,0.9820160117060217,0.0,0.9744485239776721,0.0,0.8877180285371963,0.0
LHip_X,LHip_Y,0.31476918062184733,7.13033153926542e-76,0.34659414267702554,1.2366867193619645e-92,0.23844705848684514,3.2386939379885724e-88
LHip_X,RKnee_X,0.5332204674159606,6.667065289008739e-239,0.5245177814071609,7.410196256182714e-230,0.44678744567721257,8.312519417516136e-304
LHip_X,RKnee_Y,0.2240192064619662,2.3887500804006933e-38,0.2108514949774633,4.520740746094756e-34,0.14596045062089,3.0109657401140723e-34
LHip_X,LKnee_X,0.9223595228796123,0.0,0.9200386049698981,0.0,0.8058632578653107,0.0
LHip_X,LKnee_Y,0.24948328985600726,1.978651892190896e-47,0.23736871034225598,5.650169887934905e-43,0.16266608847948533,4.0488373336746075e-42
LHip_X,RAnkle_X,0.5912692174216805,1.3763761389530266e-306,0.5742764348004888,2.3278236284977206e-285,0.46558413932863757,0.0
LHip_X,RAnkle_Y,0.17967234806038807,4.774745985885343e-25,0.158851827988919,7.308511551491094e-20,0.11120533240102126,1.719639078749743e-20
LHip_X,LAnkle_X,0.9285339665175464,0.0,0.9324900604493981,0.0,0.8218287815424757,0.0
LHip_X,LAnkle_Y,0.17454074605424022,1.0434942610100483e-23,0.15286271271309848,1.7114519340997108e-18,0.10765334640120112,2.670604376147412e-19
LHip_X,Chest,0.33973867390684653,7.461714954177551e-89,0.3994803191097998,3.8181101747757065e-125,0.27651051866075804,1.3673485619858259e-117
LHip_Y,RKnee_X,0.6009321490476418,3.1072e-319,0.6164150283745758,0.0,0.4430832432538054,1.384812829537792e-299
LHip_Y,RKnee_Y,0.8991808530094348,0.0,0.8924189117160691,0.0,0.7412953030262165,0.0
LHip_Y,LKnee_X,0.3307398710253809,4.920844853657077e-84,0.3488218821650836,6.968344521763431e-94,0.24291934349972502,1.698485147627096e-91
LHip_Y,LKnee_Y,0.895206981175265,0.0,0.890939852479151,0.0,0.7377822848679405,0.0
LHip_Y,RAnkle_X,0.6129309543996881,0.0,0.6415290867676833,0.0,0.46277750317729893,0.0
LHip_Y,RAnkle_Y,0.7869922510806959,0.0,0.7924086316415339,0.0,0.621154625354626,0.0
LHip_Y,LAnkle_X,0.3296799444781765,1.7745409805350946e-83,0.35952490095615786,4.997925277967146e-100,0.25085452856218726,2.508107173436596e-97
LHip_Y,LAnkle_Y,0.7706654127481377,0.0,0.777925589396136,0.0,0.6067187054266788,0.0
LHip_Y,Chest,0.983903692070745,0.0,0.9760464178404694,0.0,0.893874634141001,0.0
RKnee_X,RKnee_Y,0.48882576555250523,2.171281618730955e-195,0.47109793315778464,9.836941061297542e-180,0.3342592278960891,8.424267831214149e-172
RKnee_X,LKnee_X,0.5083474188170023,9.863705790619644e-214,0.510525296599831,7.460553742865756e-216,0.43846317735971446,1.0326290706654195e-292
RKnee_X,LKnee_Y,0.4846425820597479,1.302182146842272e-191,0.4707112859305431,2.1093182236908047e-179,0.3316542875057551,3.6435024169210854e-169
RKnee_X,RAnkle_X,0.9653947277035733,0.0,0.9653832936770131,0.0,0.8715528164900828,0.0
RKnee_X,RAnkle_Y,0.37398405427561976,1.0335515204292872e-108,0.36062331879188236,1.1341764074131188e-100,0.25241910270505336,1.9310122492045013e-98
RKnee_X,LAnkle_X,0.5398189560957167,6.11926141024113e-246,0.5392084880431395,2.781913738442461e-245,0.4395779713002094,7.795564343756695e-294
RKnee_X,LAnkle_Y,0.36484260515473743,3.6040298922748927e-103,0.3532457054519933,2.1496243418773204e-96,0.24772779447582338,7.107269006187712e-95
RKnee_X,Chest,0.6228045710524397,0.0,0.653403813433296,0.0,0.46980546224223513,0.0
RKnee_Y,LKnee_X,0.20917344076408717,1.513979096357364e-33,0.18341503621317956,4.7457058048156117e-26,0.12900763436567916,4.0062075127766046e-27
RKnee_Y,LKnee_Y,0.9623647470708074,0.0,0.9680831167115442,0.0,0.8861373664866651,0.0
RKnee_Y,RAnkle_X,0.5117940393324204,4.264671141902653e-217,0.497715759717506,1.3528055265438544e-203,0.35291067846934676,3.059273579946161e-191
RKnee_Y,RAnkle_Y,0.9126318780359572,0.0,0.9221780282176575,0.0,0.7753076551003725,0.0
RKnee_Y,LAnkle_X,0.2534793461178608,5.916757434171224e-49,0.23540062948692966,2.8355981275303808e-42,0.1634560824649014,1.8124156333416e-42
RKnee_Y,LAnkle_Y,0.8949021915017952,0.0,0.9090121338995034,0.0,0.7585731576317045,0.0
RKnee_Y,Chest,0.8727403155491249,0.0,0.8686657967461525,0.0,0.7138710712499817,0.0
LKnee_X,LKnee_Y,0.237947874884811,3.5048008428838534e-43,0.2111554003393316,3.627948611483193e-34,0.14736315348455586,7.008271684912705e-35
LKnee_X,RAnkle_X,0.5563536201556807,2.8044298214013638e-264,0.5501358232310024,2.917036845996802e-257,0.45059856641412854,5.73954478321751e-309
LKnee_X,RAnkle_Y,0.1437035979299824,1.6742392267278418e-16,0.1134256462019698,8.37617026459295e-11,0.08042788691052737,1.933031084791818e-11
LKnee_X,LAnkle_X,0.9370582248889251,0.0,0.9308919080060218,0.0,0.8116692370401108,0.0
LKnee_X,LAnkle_Y,0.13314998095849795,2.3058522663987e-14,0.10164152363480611,6.051967866094244e-09,0.07228256924297237,1.6299283016898159e-09
LKnee_X,Chest,0.35186117647407167,1.3258794725678148e-95,0.39229220381443625,2.3072540936402042e-120,0.2743229527071727,8.752235503725908e-116
LKnee_Y,RAnkle_X,0.5075127181797192,6.352881351974237e-213,0.49791998969328227,8.706923424445138e-204,0.35142293830745835,1.19607017970385e-189
LKnee_Y,RAnkle_Y,0.9191942318078631,0.0,0.9296628197644956,0.0,0.784686075610875,0.0
LKnee_Y,LAnkle_X,0.2887974119957525,1.2311147598806955e-63,0.26845752915991594,6.514406995576048e-55,0.18569283417266766,2.7097541613523295e-54
LKnee_Y,LAnkle_Y,0.9083405789372028,0.0,0.9189862220060762,0.0,0.7681283660564151,0.0
LKnee_Y,Chest,0.8677815105529008,0.0,0.8686305418629637,0.0,0.7137750166186875,0.0
RAnkle_X,RAnkle_Y,0.4106685491779788,7.953846731066252e-133,0.3937527501256382,2.5187986813263244e-121,0.27593665192588984,3.0717628234283886e-117
RAnkle_X,LAnkle_X,0.597325562636573,1.832122775e-314,0.5891297510301838,7.605852709987622e-304,0.4665685538343741,0.0
RAnkle_X,LAnkle_Y,0.3961509148099536,6.474423082538936e-123,0.3825904979622213,4.266767329769464e-114,0.2687520262469151,2.6666732410747284e-111
RAnkle_X,Chest,0.6296196953370903,0.0,0.6738395891507072,0.0,0.4898547098725249,0.0
RAnkle_Y,LAnkle_X,0.22694525810425975,2.4511064612289734e-39,0.19397136870248052,5.37949133078409e-29,0.1355586211152678,1.2502467305815299e-29
RAnkle_Y,LAnkle_Y,0.9756839458848816,0.0,0.977384434423011,0.0,0.905239714783235,0.0
RAnkle_Y,Chest,0.7570078318913542,0.0,0.7728925211904143,0.0,0.6075002384109888,0.0
LAnkle_X,LAnkle_Y,0.22820107855829633,9.134041772999517e-40,0.18965104166795643,9.064039503636683e-28,0.1333361160207577,1.0231208315670601e-28
LAnkle_X,Chest,0.3459419484366275,2.857819484385206e-92,0.4035305081513762,6.841868956694186e-128,0.2842127655472978,5.465527169738484e-124
LAnkle_Y,Chest,0.7391224705322857,0.0,0.7558990092780399,0.0,0.5909362771397474,0.0
